Last,First
Albina,Adamsson
Noemi Lovell,Lovell
Gerasimos Villanueva,Villanueva
Taylan,Barone
Melano,Rodgers
Lukas,Schröder
Rakel,Switzer
Moonsister,Haanraats
Fulvio,Macek
Saylor,Kasabian
Uttar,Atanasov
Fay,Ježek
Dushyanta,Roach
Fiachra,Wiater
Iesus,Bezuidenhout
Juana,Jackson
Renee,Wallace
Andrea,Lloyd
Elsa,Montgomery
Gregg,Wilkins
Kay,Carter
Rosie,Williamson
Kent,Hunter
Bradley,Gutierrez
Yvonne,Burke
Wilson,Walters
Olga,White
Kelvin,Wilkins
Laurie,Cross
Brandon,Dean
Claudia,Leonard
Ruth,Smith
Randall,Montgomery
Bethany,Wilson
Joanna,Payne
Sky,Crosby
Saima,Montgomery
Fox,Tapia
Ayman,Grant
Omari,Benitez
Lilly-Ann,Wilkins
Tonisha,Mosley
Herbie,Sampson
Buddy,Wilkes
Daniel,Rowland
Dannielle,Jenkins
Meerab,Ritter
Claude,Donnelly
Monet,Hess
Misbah,Bone
Harry,Wharton
Ari,Frye
Nabeel,Hatfield
Arnie,Wardle
Carole,Mill
Estelle,Mackay
Safa,Ireland
Leigha,Broughton
Tonya,Bate
Pia,Alvarado
William,Eastwood
Mohammod,Rooney
Grady,Whiteley
Marni,Coulson
Aaminah,Garcia
Kian,Flower
Miriam,O'Brien
Rajan,Dodd
Brandon,Klein
Rio,Dickerson
Lilah,Cowan
Isobelle,Cornish
Kaiden,Armitage
Devon,Bruce
Hareem,Dolan
Farzana,Fields
Jaydan,Stuart
Shannan,Davies
Lily-Anne,Wheatley
Abiha,Chadwick
Ava-Grace,Clarkson
Belle,Graves
Alister,Barton
Elissa,Guerra
Kadie,Grey
Chardonnay,Mccann
Mateo,Matthews
Gia,Morley
Blair,Mays
Hadiqa,Donaldson
Rhia,Burt
Lacey-Mai,Sanford
Daryl,Santiago
Presley,Mcclure
Elena,Houston
Luc,Daugherty
Jeevan,Spence
Austin,Shepherd
Lorcan,Rutledge
Johan,Martins
Yuvraj,Delarosa
Abel,Correa
Huzaifah,Sawyer
Rebecca,Noel
Suraj,Cortez
Ceri,Felix
Karina,Proctor
Frazer,Buchanan
Campbell,Kramer
Nick,Greenaway
Lexi-May,Berger
Tobi,Bray
Zahra,Thorpe
Theia,Adamson
Aditi,Whelan
Suhayb,Sheppard
Rui,Hutton
Talia,Hickman
Mai,Shaw
Augustus,Cresswell
Cherry,Vu
Britany,Hinton
Amos,Cordova
Saffa,Carney
Yanis,Lane
Aqib,Robson
Melissa,Stevenson
Raul,Forrest
Dionne,Lancaster
Yehuda,Meadows
Sierra,Cope
Harper-Rose,Newman
Leland,Richards
Mahad,Campbell
Fionn,Mullins
Kaiden,Chung
Kye,Searle
Lilly-Mai,Bourne
Zubair,Guerra
Virginia,Larson
Jensen,Hull
Avani,Saunders
Emillie,Oneal
Macy,Pitt
Eleri,Bernal
Dennis,Sparrow
Hania,Sharma
Ariya,Franklin
Zayan,Kavanagh
Harvey,Chamberlain
Mason,Peel
Winston,Macleod
Diya,Ford
Poppy-Mae,Hawkins
Sophia-Rose,Neville
Frazer,Parry
Kamron,Roberts
Amarah,Mcnamara
Makenzie,Mccaffrey
Samara,Wolf
Roberto,Villanueva
Reem,Winter
Alexandre,O'Ryan
Marie,Horne
Cathy,Lord
Tahir,Carey
Jana,Robbins
Reon,Gallagher
Aliyah,Pearson
Chace,Murray
Bluebell,Montoya
Falak,Mcmanus
Rochelle,Holloway
Henri,Adam
Willow,Lugo
Evie-Rose,Sexton
Montgomery,Suarez
Norman,Turnbull
Lorenzo,Higgs
Adeeb,Patel
Tayyib,Ewing
Nolan,Reyes
Keeleigh,Young
Cohen,Velasquez
Davina,Wood
Nida,Holding
Roxanne,Espinoza
Kier,Barclay
Khalid,Baxter
Woodrow,Noble
Kendra,Black
Lilith,Alford
Chantelle,Guevara
Cruz,Clemons
Odin,Metcalfe
Umaiza,Carver
Deanna,Cartwright
Umair,Solis
Antoni,Dorsey
Vivek,Patrick
Mahdi,Childs
Mohamed,Rivers
Braiden,Webber
Burhan,Connolly
Carlie,Roman
Antonia,Wise
Nettie,Mccann
Sumayya,Nash
Matias,Cunningham
Natalya,Lindsey
Jak,Peterson
Aliesha,Moody
Ava,Cairns
Tymon,Dudley
Jude,Mckenzie
Montana,Singleton
Kaitlin,Villa
Manuel,Rudd
Mikail,Lucero
Ayaan,Knox
Arham,Andrews
Desiree,Carr
Salman,Mohammed
Dougie,Mcgregor
Shay,Amos
Ira,Ali
Amrita,Wang
Tiernan,Harrington
Jemma,Nairn
Akbar,Mcfarlane
Ava-Mai,Cantrell
Ashleigh,Jarvis
Jax,Mccormick
Husna,Wilkins
Deniz,Millar